Feature ID	Taxon	Confidence
73f51289a97829785baefbfc0f38be81	d__Bacteria;p__Proteobacteria;c__Gammaproteobacteria;o__Enterobacterales_A_737866;f__Shewanellaceae_666538;g__Shewanella;s__	0.9440806482450912
dd2c5cc7dd3373c4ae7465474d6965eb	d__Bacteria;p__Proteobacteria;c__Gammaproteobacteria;o__Enterobacterales_A_737866;f__Vibrionaceae;g__Vibrio_678715;s__	0.9986907392186318
2d57e162067cfd74fd1e4ccd21f194c9	d__Bacteria;p__Proteobacteria;c__Gammaproteobacteria;o__Enterobacterales_A_737866;f__Enterobacteriaceae_A;g__Serratia_D_727363;s__	0.8128379654596904
67aabda558f093887665aa706148e9fa	d__Bacteria;p__Proteobacteria;c__Alphaproteobacteria;o__Rhodobacterales;f__Rhodobacteraceae;g__MED-G52;s__MED-G52 sp001627925	0.9943403238792662
720064725a37f56808b4049a07007a62	d__Bacteria;p__Proteobacteria;c__Gammaproteobacteria;o__Enterobacterales_A_737866;f__Shewanellaceae_666538;g__Shewanella;s__	0.9781834581373433
deafbcb13a58aed914ba731828913785	d__Bacteria;p__Proteobacteria;c__Gammaproteobacteria;o__Enterobacterales_A_737866;f__Enterobacteriaceae_A;g__Serratia_D_727363;s__	0.744151381862213
85523d618fcb42348227dc078efd6057	d__Bacteria;p__Proteobacteria;c__Alphaproteobacteria;o__Rhodobacterales;f__Rhodobacteraceae;g__MED-G52;s__MED-G52 sp001627925	0.9653787736499996
e010763c2b0ddacdc0afbd65863268b7	d__Bacteria	0.9999999700745971
ec9f5db88f8a75d104c6bd94ea361fa6	d__Bacteria	0.9999999569489716
a1c76661f5f1bfd186c2c64e9ae139bd	d__Bacteria;p__Proteobacteria;c__Gammaproteobacteria	0.9994971714666818
522b6eeae6f53035daabfdb24f29c428	d__Bacteria;p__Proteobacteria;c__Gammaproteobacteria;o__Pseudomonadales_650612;f__Porticoccaceae;g__SZUA-272;s__	0.9375463360335899
f1ef9cb5f1176b5a567fa87ab22b3a9b	d__Bacteria;p__Proteobacteria;c__Gammaproteobacteria;o__Enterobacterales_A_737866;f__Shewanellaceae_666538;g__Shewanella;s__	0.8131138302622175
33395d69f5bca909ed73c7c84f84a79c	d__Bacteria;p__Proteobacteria;c__Gammaproteobacteria;o__Pseudomonadales_650611;f__Pseudomonadaceae;g__Pseudomonas_E_650326;s__Pseudomonas_E_650326 aeruginosa_A	0.7208855742236411
1071a13970af912f5998984495028433	d__Bacteria	0.9999997987315238
431bdba916ae48d8901c8fef5236fb59	d__Bacteria;p__Proteobacteria;c__Gammaproteobacteria;o__Enterobacterales_A_737866;f__Vibrionaceae;g__Vibrio_678715;s__	0.9985921752150565
20069998221c00f7b2eaeecfc8e7fade	d__Bacteria;p__Proteobacteria;c__Gammaproteobacteria;o__Enterobacterales_A_737866;f__Shewanellaceae_666538;g__Shewanella;s__	0.9658929156725392
3f49e449d1993d85d0a527b141394b4d	d__Bacteria;p__Proteobacteria;c__Gammaproteobacteria	0.9986650054869703
2f0981365d15a2b18ac1c8300c7b4b2f	d__Bacteria;p__Proteobacteria;c__Gammaproteobacteria;o__Enterobacterales_A_737866;f__Vibrionaceae;g__Vibrio_678715;s__	0.9986536783020503
e524904e227b9e57d4e1e76dd95cca1c	d__Bacteria	0.9999999504735158
53574c1b129e8d8ee474f83db870f9cc	d__Bacteria;p__Proteobacteria;c__Alphaproteobacteria;o__Rhodobacterales;f__Rhodobacteraceae;g__MED-G52;s__MED-G52 sp001627925	0.9932261561892167
82d477b113c63b81e9c8e23960e3f59d	d__Bacteria;p__Proteobacteria;c__Gammaproteobacteria;o__Pseudomonadales_641035;f__DSM-6294_637238;g__UBA2009;s__	0.9469746676475228
5c187a3dd12c2e82480111f7ed22634d	d__Bacteria	0.9999998814327762
37ce62530a92aa8c348e3f046147a299	d__Bacteria;p__Proteobacteria;c__Gammaproteobacteria;o__Enterobacterales_A_737866	0.9989054277710969
03725985fca37bdd2c9b61d639ad702c	d__Bacteria;p__Proteobacteria;c__Gammaproteobacteria;o__Pseudomonadales_641035;f__DSM-6294_637238;g__UBA2009;s__	0.931444523600282
63f53dee708939a0f477ff34b24e7641	d__Bacteria;p__Proteobacteria;c__Gammaproteobacteria;o__Enterobacterales_A_737866;f__Enterobacteriaceae_A	0.9966817192695984
a14049a3a0ac67b2f5a0094a003088a4	d__Bacteria;p__Proteobacteria;c__Gammaproteobacteria;o__Enterobacterales_A_737866;f__Shewanellaceae_666538;g__Shewanella;s__	0.8501010855009022
ce3adeb5644575f0b00e4f6c1caf6fe5	d__Bacteria;p__Proteobacteria;c__Gammaproteobacteria	0.9991021460488348
2ba51085e0894b2a9da14ab24c995082	d__Bacteria;p__Proteobacteria;c__Gammaproteobacteria;o__Pseudomonadales_660879;f__Moraxellaceae;g__Psychrobacter;s__Psychrobacter aestuarii	0.9916307488864654
152991b6d32087a123ad8d6b1e55ecf4	d__Bacteria;p__Proteobacteria;c__Alphaproteobacteria;o__Rhodobacterales;f__Rhodobacteraceae;g__MED-G52;s__MED-G52 sp001627925	0.9987420034471404
9f1020dd5d0da9d0ad8ebe602aef57be	d__Bacteria;p__Proteobacteria;c__Gammaproteobacteria;o__Pseudomonadales_650611;f__Pseudomonadaceae;g__Pseudomonas_E_650326;s__Pseudomonas_E_650326 aeruginosa_A	0.9562148539807427
c33e6a172c5219b3329eea01ba5646d6	d__Bacteria	0.9999999138827458
40f19928faef1c4fac373636d0080623	d__Bacteria;p__Proteobacteria;c__Alphaproteobacteria;o__Rhodobacterales;f__Rhodobacteraceae;g__MED-G52;s__MED-G52 sp001627925	0.9902225237629527
0af2c730e24d9d1f06b964795873a62c	d__Bacteria;p__Proteobacteria;c__Gammaproteobacteria;o__Enterobacterales_A_737866;f__Enterobacteriaceae_A;g__Serratia_D_727363;s__	0.902274019653802
6cef1134ce20f48be7b775a5ca8f7532	d__Bacteria;p__Proteobacteria;c__Gammaproteobacteria;o__Enterobacterales_A_737866;f__Shewanellaceae_666538;g__Shewanella;s__	0.807810136139484
cc6dd48fde834cdafe22aaaa147394ad	d__Bacteria;p__Proteobacteria;c__Gammaproteobacteria;o__Enterobacterales_A_737866;f__Shewanellaceae_666538;g__Shewanella;s__	0.9171855510909656
fd316acdaf205ff23345146ee5fab898	d__Bacteria;p__Proteobacteria;c__Gammaproteobacteria;o__Enterobacterales_A_737866	0.9993723399048324
d31c676dbc699186bebf834b29110714	d__Bacteria;p__Proteobacteria;c__Gammaproteobacteria;o__Pseudomonadales_641035;f__DSM-6294_637238;g__UBA2009;s__	0.9661737804183098
62d9e3547770a8386ad9837a4e1983d2	d__Bacteria;p__Proteobacteria;c__Gammaproteobacteria;o__Enterobacterales_A_737866;f__Enterobacteriaceae_A;g__Serratia_D_727363;s__	0.8156987744139633
dd019682ac7cd1f01eba130c0c426f74	d__Bacteria;p__Proteobacteria;c__Gammaproteobacteria;o__Pseudomonadales_641035;f__DSM-6294_637238;g__UBA2009;s__	0.9578792585805758
f8baa7cda77b39d1d77821252d6ec3b1	d__Bacteria;p__Proteobacteria;c__Gammaproteobacteria;o__Enterobacterales_A_737866;f__Enterobacteriaceae_A;g__Serratia_D_727363;s__	0.8082925653471256
feac2be99991c3988ca354aa7e71542b	d__Bacteria;p__Proteobacteria;c__Gammaproteobacteria;o__Enterobacterales_A_737866;f__Shewanellaceae_666538;g__Shewanella;s__	0.8778851603939046
674c603aaf4fbf3dfe2f21d9ebc56b14	d__Bacteria;p__Proteobacteria;c__Gammaproteobacteria;o__Enterobacterales_A_737866;f__Shewanellaceae_666538;g__Shewanella;s__	0.9694935168582224
033d1378ec637c2beadb368d7eded30c	d__Bacteria;p__Proteobacteria;c__Alphaproteobacteria;o__Rhodobacterales;f__Rhodobacteraceae;g__MED-G52;s__MED-G52 sp001627925	0.9195856239348792
fbca419d5ca59d055e23c35b27dd5017	d__Bacteria;p__Proteobacteria;c__Gammaproteobacteria	0.9999559649703446
eb8fe871e92c376f4361f68449bfe64a	d__Bacteria;p__Proteobacteria;c__Gammaproteobacteria	0.9994361572450781
bc6cdee317eb3446569e1f8b298cfc66	d__Bacteria;p__Proteobacteria;c__Gammaproteobacteria;o__Enterobacterales_A_737866;f__Enterobacteriaceae_A	0.9923533412101889
064f6d1f6098abd5c4b231cd8a2d43c7	d__Bacteria	0.9999978951259376
1019532b667be71ca0057f764a3030dd	d__Bacteria;p__Proteobacteria;c__Gammaproteobacteria;o__Enterobacterales_A_737866;f__Shewanellaceae_666538;g__Shewanella;s__	0.926128069286808
f324b9fd5359822a268e1f50437de448	d__Bacteria	0.9999999607057042
e8633158c1a5a76a7b8d410b169231ee	d__Bacteria	0.9999999175683033
5e5e2ce601d261f122d1624040548f67	d__Bacteria;p__Proteobacteria;c__Gammaproteobacteria;o__Enterobacterales_A_737866;f__Shewanellaceae_666538;g__Shewanella;s__	0.9733886594605679
6662d8586ecfe8b2047d3d44eeb5d67f	d__Bacteria;p__Proteobacteria;c__Gammaproteobacteria;o__Enterobacterales_A_737866;f__Vibrionaceae;g__Vibrio_678715;s__	0.8854922608901318
106ef5c85de17717407e5972b40eaa7b	d__Bacteria;p__Proteobacteria;c__Gammaproteobacteria;o__Enterobacterales_A_737866;f__Shewanellaceae_666538;g__Shewanella;s__	0.9099167933554121
3a2ce34ebb0291a1f5616b674cf4c2aa	d__Bacteria;p__Proteobacteria;c__Gammaproteobacteria;o__Enterobacterales_A_737866;f__Shewanellaceae_666538;g__Shewanella;s__	0.7372857397904277
cdcfa63278496b5d8fdbc378fbe3c915	d__Bacteria;p__Proteobacteria;c__Alphaproteobacteria;o__Rhodobacterales;f__Rhodobacteraceae;g__MED-G52;s__MED-G52 sp001627925	0.9539289826697155
79ef2b252f04b86d64f3b3be47130632	d__Bacteria;p__Proteobacteria;c__Gammaproteobacteria;o__Enterobacterales_A_737866	0.8386420883390252
63933564e32fd8bba2237d52e9936b23	d__Bacteria	0.9999999370876945
3bbbe4a96503b42348d28716d98cfb84	d__Bacteria;p__Firmicutes_A;c__Clostridia_258483;o__Christensenellales;f__CAG-138;g__RUG472;s__RUG472 sp902765005	0.9086849707553076
6dbebe43822a7b5f14a7ea78bc489c78	d__Bacteria	0.9999999949763216
b4f6148cc62033da21b4992aee731a5d	d__Bacteria;p__Proteobacteria;c__Gammaproteobacteria;o__Enterobacterales_A_737866;f__Enterobacteriaceae_A	0.9809909266805004
78926ff412ad1f7217a41cfbc1d35493	d__Bacteria;p__Proteobacteria;c__Gammaproteobacteria;o__Enterobacterales_A_737866;f__Vibrionaceae;g__Vibrio_678715;s__	0.7251576157613084
a6b91e5742e20b9068402709829cbd97	d__Bacteria;p__Proteobacteria;c__Alphaproteobacteria;o__Rhodobacterales;f__Rhodobacteraceae;g__MED-G52;s__MED-G52 sp001627925	0.9723975618512317
bbe61e2d86b86149e177ac8b915b5d54	d__Bacteria;p__Proteobacteria;c__Gammaproteobacteria;o__Enterobacterales_A_737866;f__Enterobacteriaceae_A	0.9412150054627443
2b56db5ef0fbc05c6ebb272e0e96f8e8	d__Bacteria;p__Proteobacteria;c__Gammaproteobacteria;o__Enterobacterales_A_737866;f__Vibrionaceae;g__Vibrio_678715;s__	0.8303779189734901
9bbc18881fc2f0d51d45ccdf2a47c09b	d__Bacteria	0.9999999852511523
e31ac8e153c49a4abb6380667810b0b9	d__Bacteria;p__Proteobacteria;c__Gammaproteobacteria;o__Pseudomonadales_650611;f__Pseudomonadaceae;g__Pseudomonas_E_650326;s__Pseudomonas_E_650326 aeruginosa_A	0.922384002498489
4a1babe9792936dafebb9c37a34f63c6	d__Bacteria;p__Proteobacteria;c__Alphaproteobacteria;o__Rhodobacterales;f__Rhodobacteraceae;g__MED-G52;s__MED-G52 sp001627925	0.9942682116515823
7894cb48136ee2d0893a37eca6c528ae	d__Bacteria;p__Proteobacteria;c__Gammaproteobacteria;o__Enterobacterales_A_737866	0.9999999946317236
c2af25c32a075b06056ee2b7c6a97ce8	d__Bacteria;p__Proteobacteria;c__Gammaproteobacteria;o__Pseudomonadales_641035;f__DSM-6294_637238;g__UBA2009;s__	0.9999799047113721
e927459d1aae8f096e9def25b0a5dc2d	d__Bacteria;p__Proteobacteria;c__Alphaproteobacteria;o__Rhodobacterales;f__Rhodobacteraceae;g__MED-G52;s__MED-G52 sp001627925	0.9971501170883302
eadd0aad0f89716dd8045a418155fc2b	d__Bacteria;p__Proteobacteria;c__Gammaproteobacteria;o__Pseudomonadales_650612;f__Porticoccaceae;g__SZUA-272;s__	0.9922188720701606
5a0c60c6b903b84187bdfece4809a2dd	d__Bacteria;p__Proteobacteria;c__Gammaproteobacteria	0.9982948391136715
49d711b109fbfb8d9e991872e3b30a0d	d__Bacteria;p__Proteobacteria;c__Gammaproteobacteria;o__Enterobacterales_A_737866;f__Enterobacteriaceae_A	0.9400087361846907
92c7653deab9490453602f115c2dd557	d__Bacteria;p__Proteobacteria;c__Gammaproteobacteria;o__Enterobacterales_A_737866;f__Shewanellaceae_666538;g__Shewanella;s__	0.9843635376355293
29fe140d6f4142e774f44ba370def326	d__Bacteria;p__Proteobacteria;c__Gammaproteobacteria;o__Enterobacterales_A_737866;f__Vibrionaceae;g__Vibrio_678715;s__	0.9991576690824443
8b03a297e846676ce0d2c7a78bf0c3e9	d__Bacteria;p__Proteobacteria;c__Gammaproteobacteria;o__Pseudomonadales_641035;f__DSM-6294_637238;g__UBA2009;s__	0.799349601534309
84b6b02c51cf47fbccfc84bbbf2654fd	d__Bacteria;p__Bacteroidota;c__Bacteroidia;o__AKYH767-A;f__2013-40CM-41-45;g__QQVM01;s__QQVM01 sp004295015	0.9916660693879019
7cc00db71c82419a718ff4fada55a15b	d__Bacteria;p__Bacteroidota;c__Bacteroidia;o__AKYH767-A;f__2013-40CM-41-45;g__QQVM01;s__QQVM01 sp004295015	0.9642180587486546
1f407cae3da0e3f381bdeeb113ee4333	d__Bacteria;p__Proteobacteria;c__Gammaproteobacteria	0.9992025819537462
de120f6abdd8b76743e4c02b0ab6977b	d__Bacteria;p__Proteobacteria;c__Gammaproteobacteria;o__Enterobacterales_A_737866;f__Vibrionaceae;g__Vibrio_678715;s__	0.9991397673165647
12eb6106ded60c7c5d6dab64ec4d6810	d__Bacteria;p__Proteobacteria;c__Gammaproteobacteria;o__Enterobacterales_A_737866;f__Enterobacteriaceae_A;g__Serratia_D_727363;s__	0.8130314557174887
12cdf3d8c3a938b969fb0f1463b1d91a	d__Bacteria;p__Proteobacteria;c__Gammaproteobacteria;o__Enterobacterales_A_737866;f__Shewanellaceae_666538;g__Shewanella;s__	0.9418399912887391
10e7be138f6806f0b5687bdf564a5e90	d__Bacteria;p__Proteobacteria;c__Gammaproteobacteria;o__Enterobacterales_A_737866	0.9998897105978668
38f4aafeda4b0cece51d568f6c4fe484	d__Bacteria;p__Proteobacteria;c__Gammaproteobacteria;o__Enterobacterales_A_737866;f__Enterobacteriaceae_A	0.9862693185546855
b03ee89458a74afbe6d4fd4f0eabeb52	d__Bacteria;p__Proteobacteria;c__Alphaproteobacteria;o__Rhodobacterales;f__Rhodobacteraceae;g__MED-G52;s__MED-G52 sp001627925	0.9950144890570126
633ff2b33651533443c8ff6fc953c2ac	d__Bacteria;p__Proteobacteria;c__Gammaproteobacteria;o__Enterobacterales_A_737866;f__Shewanellaceae_666538;g__Shewanella;s__	0.9362219697354573
f0a4a648dfa3dc96f2fea35c532fcc56	d__Bacteria	0.9999999437512012
97e440d5d1d5b6478fae976674a2b069	d__Bacteria;p__Bacteroidota;c__Bacteroidia;o__AKYH767-A;f__2013-40CM-41-45;g__QQVM01;s__QQVM01 sp004295015	0.9261119133591038
cfaf3a3f2cb83a4516a61dba0f21e213	d__Bacteria;p__Myxococcota_A_473307;c__Polyangia_463783;o__Polyangiales;f__SG8-38;g__;s__	0.8116176206429232
77add714e184d4e4639008a3bbb9ca54	d__Bacteria;p__Proteobacteria;c__Gammaproteobacteria;o__Enterobacterales_A_737866;f__Vibrionaceae;g__Vibrio_678715;s__	0.9997192136362802
ab4fa2ae6d4e28b905e4852ba6524ac1	d__Bacteria	0.9999999892679131
f3a654cba9daa6e45f4804fd9e96041c	d__Bacteria;p__Proteobacteria;c__Gammaproteobacteria;o__Enterobacterales_A_737866;f__Shewanellaceae_666538;g__Shewanella;s__	0.9997277921186655
643f327df100403fa9dfdd23aa5a3c13	d__Bacteria;p__Myxococcota_A_473307;c__Polyangia_463783;o__Polyangiales;f__SG8-38;g__;s__	0.7031350909866753
85b6c5d1fb0bd6b7e6da486df8f69e8e	d__Bacteria;p__Proteobacteria;c__Gammaproteobacteria	0.9915841734726387
bd40ec11e322397c12adf9538ec7473c	d__Bacteria;p__Proteobacteria;c__Gammaproteobacteria;o__Enterobacterales_A_737866;f__Enterobacteriaceae_A	0.8862945914026896
08044c33e8d9c932173c1fe26b1ad34e	d__Bacteria	0.9999994066862161
feef3e2f9af07ade928b8265f2568ae1	d__Bacteria;p__Proteobacteria;c__Gammaproteobacteria;o__Enterobacterales_A_737866;f__Enterobacteriaceae_A;g__Serratia_D_727363;s__	0.9682299978434367
2cdae703232007d7e073ef557006f3ce	d__Bacteria;p__Proteobacteria;c__Gammaproteobacteria	0.9521211621885719
80ef4e714d82192ad71db2443211d944	d__Bacteria;p__Proteobacteria;c__Gammaproteobacteria;o__Pseudomonadales_650612;f__Porticoccaceae;g__SZUA-272;s__	0.9964536975055698
5a31e3a8aa0ee0d4f922f81d1258fa2a	d__Bacteria;p__Proteobacteria;c__Alphaproteobacteria	0.7032511205208584
98005459f2f14210e1e440437b338692	d__Bacteria;p__Bacteroidota;c__Bacteroidia	0.7617283875946377
00e3318fafb0871ea666f2fdb3470a1a	d__Bacteria	0.9999994549360214
c7dd2e13e09c7495536f487884618aaf	d__Bacteria	0.9999954237611354
6674ca703030bb50aa2d650aa8011be8	d__Bacteria;p__Proteobacteria;c__Gammaproteobacteria;o__Pseudomonadales_641035;f__DSM-6294_637238;g__UBA2009;s__	0.8426766506657534
3939f5c14440e65d61827ae053b1ea6b	d__Bacteria;p__Proteobacteria;c__Gammaproteobacteria;o__Enterobacterales_A_737866;f__Vibrionaceae;g__Vibrio_678715;s__	0.9997363436775193
40fce7036a9868337ea818f8521f0c59	d__Bacteria;p__Firmicutes_C;c__Negativicutes;o__Selenomonadales;f__Selenomonadaceae_42771;g__Anaerovibrio;s__	0.889314844820231
54716818d3815286bd420682a2b398ca	d__Bacteria;p__Proteobacteria;c__Alphaproteobacteria;o__Rhodobacterales;f__Rhodobacteraceae;g__MED-G52;s__MED-G52 sp001627925	0.976974234792479
92015a1acd1667a93bf747defce7c123	d__Bacteria;p__Proteobacteria;c__Gammaproteobacteria;o__Pseudomonadales_650612;f__Porticoccaceae;g__SZUA-272;s__	0.9898806150947386
861424ea09790a40fb8111a1d8c30e98	d__Bacteria;p__Firmicutes_A;c__Clostridia_258483;o__Christensenellales;f__CAG-138;g__RUG472;s__RUG472 sp902765005	0.8900801335008289
beb66316d79b08c54d664ad43ceb3b9b	d__Bacteria	0.9999970540706354
7c46b1a22bc2b868c409b2bd99052d10	d__Bacteria	0.9999999462207874
dc719b38e310c2099f4b6ce8ac7858b0	d__Bacteria;p__Proteobacteria;c__Gammaproteobacteria;o__Enterobacterales_A_737866	0.8167627200067201
8cd044c63ce69dd6eb599cf8e49a0dac	d__Bacteria;p__Proteobacteria;c__Gammaproteobacteria;o__Enterobacterales_A_737866;f__Shewanellaceae_666538;g__Shewanella;s__	0.8302818378733745
47c6eb26ee3269639165fae78451278d	d__Bacteria	0.9999973893733446
a926dcd55ebe712419e757aeda440b73	d__Bacteria;p__Proteobacteria;c__Gammaproteobacteria;o__Enterobacterales_A_737866	0.9985255325569886
33c0dba4aa792bb642089ae09d7f87d8	d__Bacteria;p__Bacteroidota;c__Bacteroidia;o__AKYH767-A;f__2013-40CM-41-45;g__QQVM01;s__QQVM01 sp004295015	0.988488540313596
34beaa5a3e26f922b1e35a457e019840	d__Bacteria;p__Proteobacteria;c__Gammaproteobacteria;o__Enterobacterales_A_737866;f__Enterobacteriaceae_A	0.9884494978026388
b409054fd9550bf21596097ae16a801a	d__Bacteria;p__Proteobacteria;c__Gammaproteobacteria	0.9915230759512659
7a2b26fceadc6ff3d47aaa0e68528874	d__Bacteria;p__Proteobacteria;c__Gammaproteobacteria	0.9999687339447784
2452dc0d331d65c9b798685b7f333e4a	d__Bacteria	0.9999999849029055
2c5a137de3586c89f915ce2b3b416e74	d__Bacteria;p__Proteobacteria;c__Gammaproteobacteria;o__Enterobacterales_A_737866;f__Shewanellaceae_666538;g__Shewanella;s__	0.9651643480903509
8966fadcb82b5b6ea78ff42a5373d703	d__Bacteria	0.9999999634906381
7389c9df6612d51233f7f250af5d6f62	d__Bacteria	0.9999999509124116
e3120c79c7fa2df90b620e5256f289fd	d__Bacteria;p__Firmicutes_A;c__Clostridia_258483;o__Christensenellales;f__CAG-138;g__RUG472;s__RUG472 sp902765005	0.771766510467863
f62289631e97f426281ba43b1228e1d5	d__Bacteria;p__Proteobacteria;c__Alphaproteobacteria;o__Rhodobacterales;f__Rhodobacteraceae;g__MED-G52;s__MED-G52 sp001627925	0.9926828621663676
8770609086d6c03f0de0f20463152f5b	d__Bacteria;p__Proteobacteria;c__Gammaproteobacteria;o__Enterobacterales_A_737866;f__Enterobacteriaceae_A;g__Serratia_D_727363;s__	0.752208282419103
e2fad05d9a09a65226efe72468e770b4	d__Bacteria;p__Proteobacteria;c__Alphaproteobacteria;o__Rhodobacterales;f__Rhodobacteraceae;g__MED-G52;s__MED-G52 sp001627925	0.846649869886138
c4a7b68c472c63ea6b083f94ad978b5b	d__Bacteria;p__Myxococcota_A_473307;c__Polyangia_463783;o__Polyangiales;f__SG8-38;g__;s__	0.7801115559663315
0b86e5b18aaef15045aca77ee745e3a2	d__Bacteria;p__Proteobacteria;c__Gammaproteobacteria;o__Enterobacterales_A_737866;f__Enterobacteriaceae_A;g__Serratia_D_727363;s__	0.8139394136099088
a5f677f974854ac71c5e1cd0b7c820b7	d__Bacteria;p__Proteobacteria;c__Gammaproteobacteria;o__Enterobacterales_A_737866;f__Enterobacteriaceae_A;g__Serratia_D_727363;s__	0.9702605738244052
889c6d172c12be656ea8f22f78197635	d__Bacteria	0.9999999756056195
535f7fe0d6d9c995bb58703d35f74221	d__Bacteria;p__Proteobacteria;c__Gammaproteobacteria;o__Enterobacterales_A_737866;f__Enterobacteriaceae_A	0.940365586658633
a11bf885647d90083fd794cfda6a3798	d__Bacteria	0.9999999987071251
0c810553a43c7c3995f564e58c202296	d__Bacteria	0.9999998388322332
32b6606d143f68219529c3ad6d1924d6	d__Bacteria;p__Bacteroidota;c__Bacteroidia;o__AKYH767-A;f__2013-40CM-41-45;g__QQVM01;s__QQVM01 sp004295015	0.9972568084143049
2b1edf4d76553b4a977fa0adad6a6ad9	d__Bacteria;p__Proteobacteria;c__Gammaproteobacteria;o__Enterobacterales_A_737866;f__Enterobacteriaceae_A	0.9758659620591232
9178d55a4dd02e513b5d88df8c866757	d__Bacteria	0.9999999953772329
06ca09b6cc91b065901e0b657b51a062	d__Bacteria;p__Proteobacteria;c__Alphaproteobacteria;o__Rhodobacterales;f__Rhodobacteraceae;g__MED-G52;s__MED-G52 sp001627925	0.9484049589185799
13ea83bbd8d1d0a34e7edc556711d5d9	d__Bacteria;p__Proteobacteria;c__Gammaproteobacteria;o__Enterobacterales_A_737866;f__Enterobacteriaceae_A;g__Escherichia_710834	0.8843710152825749
671f1135a43881d6c7b3d817b0641b87	d__Bacteria	0.9999944418370149
53187d5e4ed2a54e2de7c85b1af28cc0	d__Bacteria	0.9999999472298778
064700d3689d16d29dfbda550764f13f	d__Bacteria;p__Proteobacteria;c__Gammaproteobacteria;o__Enterobacterales_A_737866	0.7002033330870766
c2ed81fe932af863b0ffa27b520b1692	d__Bacteria;p__Proteobacteria;c__Alphaproteobacteria;o__Rhodobacterales;f__Rhodobacteraceae;g__MED-G52;s__MED-G52 sp001627925	0.9814082623631885
2960798ba551668dabbb76978664bae7	d__Bacteria;p__Proteobacteria;c__Gammaproteobacteria	0.9926789646133449
5085382915647ccf4f2873093aa7f239	d__Bacteria	0.9999957183491119
910fa8d629fca9e7da6d44df9802779a	d__Bacteria;p__Proteobacteria;c__Gammaproteobacteria;o__Enterobacterales_A_737866;f__Vibrionaceae;g__Vibrio_678715;s__	0.7332327338763031
bf01b1398f2a43db803b684f5588c891	d__Bacteria	0.9999976443286015
836aa622b8a6a33fff2c40af8a26cd79	d__Bacteria	0.9999999453090135
961a09d19f1ddb2ffa13e1bdfdef54ed	d__Bacteria;p__Myxococcota_A_473307;c__Polyangia_463783;o__Polyangiales;f__SG8-38;g__;s__	0.8076091324611742
5a521cdd1fd237754b71de1175f3c035	d__Bacteria	0.9999999253993491
b2d01bfab8c839bb46e464313aefb169	d__Bacteria;p__Actinobacteriota;c__Acidimicrobiia_401430;o__Acidimicrobiales;f__Ilumatobacteraceae;g__Casp-actino8;s__Casp-actino8 sp009923785	0.9971950819225297
ec5f7f0a452042ceb155c169c5661ebe	d__Bacteria;p__Proteobacteria;c__Gammaproteobacteria	0.9999860261711647
406529fdc0630ab34cec3da0c01880a3	d__Bacteria	0.9999999514877747
08fa3fb112fbac193e537abd50d52e7d	d__Bacteria	0.9999996613129983
3030297d684569e4b8a57de4f17a055c	d__Bacteria;p__Proteobacteria;c__Alphaproteobacteria;o__Rhodobacterales;f__Rhodobacteraceae;g__MED-G52;s__MED-G52 sp001627925	0.93702345950635
f14f1c39772f2c240040f59bd2b11172	d__Bacteria;p__Proteobacteria;c__Gammaproteobacteria	0.9969550703097283
7e6d9b90c9ccb6f68ab2e14052f34f15	d__Bacteria	0.9999999635363996
ca669cb5a37c9f1c69c195a3e3d01fd6	d__Bacteria;p__Proteobacteria;c__Alphaproteobacteria;o__Rhodobacterales;f__Rhodobacteraceae;g__MED-G52;s__MED-G52 sp001627925	0.9994550750431358
23034ed4279da364619655ce6f5178a8	d__Bacteria;p__Proteobacteria;c__Gammaproteobacteria;o__Pseudomonadales_650612;f__Porticoccaceae;g__SZUA-272;s__	0.8239056156347899
5c888989b21ef04ab65257329581e943	d__Bacteria;p__Proteobacteria;c__Gammaproteobacteria;o__Enterobacterales_A_737866;f__Enterobacteriaceae_A;g__Escherichia_710834	0.7796346219614058
6c681ad585bbb9ec42922f13a870594a	d__Bacteria;p__Bacteroidota;c__Bacteroidia;o__AKYH767-A;f__2013-40CM-41-45;g__QQVM01;s__QQVM01 sp004295015	0.9984757562276869
20572fabef9a4328bb43337209d314d5	d__Bacteria;p__Bacteroidota;c__Bacteroidia;o__AKYH767-A;f__2013-40CM-41-45;g__QQVM01;s__QQVM01 sp004295015	0.8971270078349369
0ceac67f28f5df9fdec3109ae78806c8	d__Bacteria	0.9999961283316345
1926ff393f0325a64e22e12ed1680009	d__Bacteria;p__Proteobacteria;c__Gammaproteobacteria;o__Enterobacterales_A_737866;f__Enterobacteriaceae_A	0.7418322445163512
2f6a027ea7b6e003990219cbab785ed7	d__Bacteria;p__Proteobacteria;c__Gammaproteobacteria	0.9980869436163495
105260d855f146594b2d3e92f5877b4e	d__Bacteria;p__Proteobacteria;c__Gammaproteobacteria;o__Pseudomonadales_641035;f__DSM-6294_637238;g__UBA2009;s__	0.9988021873934315
a391554cc47bc7285ddab3d1b222a810	d__Bacteria;p__Bacteroidota;c__Bacteroidia	0.8822204186219593
c4528992c47c11ad555370bb7573e9bb	d__Bacteria	0.999988024053949
6eadbf548c2447d4296fd1c83660e214	d__Bacteria;p__Proteobacteria;c__Gammaproteobacteria;o__Pseudomonadales_641035;f__DSM-6294_637238;g__UBA2009;s__	0.9560277676840065
3b44d1b77e8c8a7f826dcb3fbd91da5b	d__Bacteria;p__Proteobacteria;c__Gammaproteobacteria;o__Enterobacterales_A_737866;f__Enterobacteriaceae_A	0.9974774448964246
c76951ed15f8138d1f13997f4c44e264	d__Bacteria;p__Myxococcota_A_473307;c__Polyangia_463783;o__Polyangiales;f__SG8-38;g__;s__	0.8256885022003142
ec990d8b4d076db1d861ded7dfaa1ea5	d__Bacteria;p__Myxococcota_A_473307;c__Polyangia_463783;o__Polyangiales;f__SG8-38;g__;s__	0.7708415686872518
234abea67e486049dc77a60716bfc5b3	d__Bacteria	0.999999700623103
7e60343865c2cc6b93549155ec29f115	d__Bacteria	0.9999999281822257
bdb964623e88aea90c871c057667f8ce	d__Bacteria;p__Proteobacteria;c__Alphaproteobacteria;o__Rhodobacterales;f__Rhodobacteraceae;g__MED-G52;s__MED-G52 sp001627925	0.9946638828468588
1f60bd754b73ae7afdad88dc513f1fae	d__Bacteria;p__Proteobacteria;c__Gammaproteobacteria;o__Enterobacterales_A_737866;f__Enterobacteriaceae_A	0.9843623140847261
e6bed90308c04cceaa491ecee5daf44e	d__Bacteria	0.9999999670807987
63d3cc021851fb5f3a86e506aadcf2a1	d__Bacteria	0.9999999453263733
e466aeede6f8dd87ad4f534dcf476d66	d__Bacteria;p__Bacteroidota;c__Bacteroidia;o__AKYH767-A;f__2013-40CM-41-45;g__QQVM01;s__QQVM01 sp004295015	0.996590483891805
bfccc6fa0ae329ac98ef74fff5fcaf0d	d__Bacteria;p__Proteobacteria;c__Gammaproteobacteria;o__Pseudomonadales_641035;f__DSM-6294_637238;g__UBA2009;s__	0.8768778155051716
c88dc63f34aa630bfaebc7564d68ec2b	d__Bacteria	0.9999999701019058
7aa3e7724891ee25df8c0d3e9944722d	d__Bacteria;p__Bacteroidota;c__Bacteroidia;o__AKYH767-A;f__2013-40CM-41-45;g__QQVM01;s__QQVM01 sp004295015	0.9821369232394386
c8b7ef14a8f786877715c141db753384	d__Bacteria	0.999999254010907
e709a69805f0dddf28fbf1b150bd1961	d__Bacteria;p__Proteobacteria;c__Gammaproteobacteria;o__Pseudomonadales_650612;f__Porticoccaceae;g__SZUA-272;s__	0.7137894732035239
16b279fe3fa17b29823d0ed6227b305d	d__Bacteria;p__Proteobacteria;c__Gammaproteobacteria;o__Enterobacterales_A_737866;f__Enterobacteriaceae_A;g__Serratia_D_727363;s__	0.7449682600973073
d27fb6c725d6ca6974b6256d16d48e50	d__Bacteria;p__Bacteroidota;c__Bacteroidia;o__AKYH767-A;f__2013-40CM-41-45;g__QQVM01;s__QQVM01 sp004295015	0.9433673979116068
85f3055a0897104bd3778b9a6419e3bc	d__Bacteria	0.9999984152639709
9f9df24e8e07115a85d00dfe52156512	d__Bacteria;p__Proteobacteria;c__Alphaproteobacteria;o__Rhodobacterales;f__Rhodobacteraceae;g__MED-G52;s__MED-G52 sp001627925	0.9786940970732826
63d62d1f40dce6beebae49cb4f888e19	d__Bacteria;p__Proteobacteria;c__Alphaproteobacteria;o__Rhodobacterales;f__Rhodobacteraceae;g__MED-G52;s__MED-G52 sp001627925	0.9988403022508585
b722ca7f89b50a8fe4e3c6653b4dbf4d	d__Bacteria;p__Actinobacteriota;c__Acidimicrobiia_401430;o__Acidimicrobiales;f__Ilumatobacteraceae;g__Casp-actino8;s__Casp-actino8 sp009923785	0.9992220680533889
7fd02609ed7583683711f7a0dbf60ef9	d__Bacteria	0.9999999957432266
dc599d52770cd1888bbc65ffb3569628	d__Bacteria;p__Proteobacteria;c__Gammaproteobacteria;o__Enterobacterales_A_737866	0.9820641906537152
fb55b7cb7dc628840fac1b135e74c7f5	d__Bacteria;p__Proteobacteria;c__Gammaproteobacteria;o__Pseudomonadales_650612;f__Porticoccaceae;g__SZUA-272;s__	0.9163930807343746
c81b693a14ca512434e13576cec23fdd	d__Bacteria;p__Proteobacteria;c__Alphaproteobacteria;o__Rhodobacterales;f__Rhodobacteraceae;g__MED-G52;s__MED-G52 sp001627925	0.8703847424060076
ca54b2c23eb577159dc4e7a287b04772	d__Bacteria	0.9999999895177765
b53ab140cb17bb33604950a4d55d8874	d__Bacteria;p__Bacteroidota;c__Bacteroidia;o__AKYH767-A;f__2013-40CM-41-45;g__QQVM01;s__QQVM01 sp004295015	0.9864462384866969
eabae6e7fd0e596730dc99e35df2ea77	d__Bacteria	0.9999999735288232
67b18ebf922c454918be2dd25ae87306	d__Bacteria	0.9999999540916431
512f60250f7002d61c2b2a9112ea61ee	d__Bacteria	0.9999993997361736
742fb0be5a1ddc3b8b55442c7fbd60b2	d__Bacteria;p__Firmicutes_A;c__Clostridia_258483;o__Christensenellales;f__CAG-138;g__RUG472;s__RUG472 sp902765005	0.8736347962292894
a77fa5b81a299b47b6caea24bd2e634b	d__Bacteria;p__Firmicutes_D;c__Bacilli	0.7915209358391768
44942be5001b5fdc1c3d5d38cab4e445	d__Bacteria;p__Proteobacteria;c__Alphaproteobacteria;o__Rhodobacterales;f__Rhodobacteraceae;g__MED-G52;s__MED-G52 sp001627925	0.982346106862025
e435ff30cc99d9ff4d536391206914ce	d__Bacteria	0.9999984739408948
df6d66a9e85c90a52656f1ea69f5d0ce	d__Bacteria	0.9999999534051263
45781505bf2cf131948a90c17f55bf8a	d__Bacteria;p__Proteobacteria;c__Gammaproteobacteria;o__Enterobacterales_A_737866;f__Enterobacteriaceae_A	0.9725537510432392
fa724f96a1f7371f2da613b3dac09fdf	d__Bacteria;p__Proteobacteria;c__Gammaproteobacteria;o__Pseudomonadales_650611;f__Pseudomonadaceae;g__Pseudomonas_E_647464;s__Pseudomonas_E_647464 soli	0.7029943459266287
b405a2321bcc2b9636d146b7c61e4c21	d__Bacteria;p__Proteobacteria;c__Gammaproteobacteria;o__Enterobacterales_A_737866;f__Shewanellaceae_666538;g__Shewanella;s__	0.8703590658369242
bb6a70df1d8d8c356812b6cc592ba1b5	d__Bacteria	0.9999999923949328
6021574cb7d967546cd3a187af7891ae	d__Bacteria;p__Proteobacteria;c__Alphaproteobacteria;o__Rhodobacterales;f__Rhodobacteraceae;g__MED-G52;s__MED-G52 sp001627925	0.9978696423498786
13969637596b9c9305230a6d8e6d0809	d__Bacteria;p__Firmicutes_A;c__Clostridia_258483;o__Christensenellales;f__CAG-138;g__RUG472;s__RUG472 sp902765005	0.8173114582670323
ac09498368fd4c30b3263374412620db	d__Bacteria;p__Proteobacteria;c__Gammaproteobacteria;o__Enterobacterales_A_737866;f__Vibrionaceae;g__Vibrio_678715;s__	0.9990727614863262
38c6b9d809d3a8b71ffaf3c0c60491e3	d__Bacteria;p__Proteobacteria;c__Gammaproteobacteria	0.9999993548006163
44907564b381a47e843097943310d680	d__Bacteria;p__Firmicutes_A;c__Clostridia_258483	0.8743035207857812
e1c81c3d664fdeafb08153a81cccab87	d__Bacteria;p__Myxococcota_A_473307;c__Polyangia_463783;o__Polyangiales;f__SG8-38;g__;s__	0.8996473684631643
90cc455f77a680888ea8c2a82ea161f7	d__Bacteria	0.999998936089133
99a2fc55e087eb694cb25d9f75c34919	d__Bacteria	0.999999468589963
eb4d99b47e54553c012a6d334860abd8	d__Bacteria;p__Actinobacteriota;c__Acidimicrobiia_401430;o__Acidimicrobiales;f__Ilumatobacteraceae;g__Casp-actino8;s__Casp-actino8 sp009923785	0.9993279501000324
24ee5db097ab06c2bc77381e1ca117f9	d__Bacteria;p__Proteobacteria;c__Gammaproteobacteria;o__Enterobacterales_A_737866;f__Enterobacteriaceae_A	0.8939791592270779
13b479963d4afd0e5f91ffd06893bf90	d__Bacteria;p__Myxococcota_A_473307;c__Polyangia_463783;o__Polyangiales;f__SG8-38;g__;s__	0.8757089599647178
1cba852711a0a68d9534936748e11bf6	d__Bacteria;p__Actinobacteriota;c__Actinomycetia;o__Streptomycetales_400645;f__Streptomycetaceae_400641;g__Streptomyces_G_399870;s__	0.9999863386361856
b6f5b4f731f26165704da7577c7d7720	d__Bacteria;p__Proteobacteria;c__Alphaproteobacteria	0.8446367648880879
104587dcbb61279c94b7ea3b8178407d	d__Bacteria;p__Proteobacteria;c__Gammaproteobacteria;o__Enterobacterales_A_737866;f__Enterobacteriaceae_A	0.8151657352606173
cce4af8072d0579e93fe6d10e8a2608b	d__Bacteria	0.9999999261634676
f9aff385efe01e4f6504e1192102b27f	d__Bacteria	0.9999999066301714
5fa90296a2d132a58d5ff2dfdbd3d467	d__Bacteria	0.9999999781166078
48ca4fe81b0f36758186a1414b92788b	d__Bacteria;p__Firmicutes_A;c__Clostridia_258483;o__Christensenellales;f__CAG-138;g__RUG472;s__RUG472 sp902765005	0.9522606994081856
361f3acaab25ab31b62ea97379d02fbf	d__Bacteria;p__Firmicutes_A;c__Clostridia_258483;o__Christensenellales;f__CAG-138;g__RUG472;s__RUG472 sp902765005	0.8453807893667318
36949ced1389dca9d1213c7b55043023	d__Bacteria;p__Myxococcota_A_473307;c__Polyangia_463783;o__Polyangiales;f__SG8-38;g__;s__	0.7139663298797888
b17c1adb21c671ffc40eee160dfada97	d__Bacteria	0.9999995348065964
e005faad319befb06b957be483984d80	d__Bacteria	0.999999992589843
f68e791dc261bfc27dc55b796b0d5ac2	d__Bacteria;p__Bacteroidota;c__Bacteroidia	0.9911342695127132
4d419dd9a055823d8654ed57f50d8813	d__Bacteria;p__Proteobacteria;c__Alphaproteobacteria	0.7974040363209383
17554c977dbce9837ed0ae40221db773	d__Bacteria;p__Myxococcota_A_473307;c__Polyangia_463783;o__Polyangiales;f__SG8-38;g__;s__	0.7281771306965077
2b5f0b45753472bbd6b99dda02bb6bcf	d__Bacteria;p__Proteobacteria;c__Gammaproteobacteria;o__Pseudomonadales_641035;f__DSM-6294_637238;g__UBA2009;s__	0.936605014379047
d807bc8e823182d70fa5892a1a8370f2	d__Bacteria	0.9999999988766511
175a6ea2a59630f89fbedbf016d822e6	d__Bacteria	0.9999975831522329
776367d33ba0c32854ea72a4a3c5e8ee	d__Bacteria	0.9999999442580467
5c7859e7aca7f8c93caaf856732a3e0a	d__Bacteria;p__Proteobacteria;c__Gammaproteobacteria	0.9999999231080555
0e2e4dc60e74f036e5aea1e96478338c	d__Bacteria;p__Actinobacteriota;c__Actinomycetia;o__Streptomycetales_400645;f__Streptomycetaceae_400641;g__Streptomyces_G_399870;s__	0.9650068018778116
e738934341175987c30dc2326f26c9e3	d__Bacteria;p__Proteobacteria;c__Alphaproteobacteria;o__Rhodobacterales;f__Rhodobacteraceae;g__MED-G52;s__MED-G52 sp001627925	0.9968020975386725
6d206b001d185da576337f3d584a37ce	d__Bacteria;p__Proteobacteria;c__Gammaproteobacteria;o__Enterobacterales_A_737866	0.9550144589409739
1bd70e8deb4cf9187ccc687354ccfa62	d__Bacteria;p__Myxococcota_A_473307;c__Polyangia_463783;o__Polyangiales;f__SG8-38;g__;s__	0.8885172914108923
3f2c5601f3957ab420de3a1172983d41	d__Bacteria;p__Myxococcota_A_473307;c__Polyangia_463783;o__Polyangiales;f__SG8-38;g__;s__	0.7680061074375769
329b764ebc15b8397eacc625e48ecc77	d__Bacteria;p__Bacteroidota;c__Bacteroidia;o__AKYH767-A;f__2013-40CM-41-45;g__QQVM01;s__QQVM01 sp004295015	0.9930218346419943
0e24e0e3e950174f7c257856dec2f76a	d__Bacteria;p__Bacteroidota;c__Bacteroidia;o__AKYH767-A;f__2013-40CM-41-45;g__QQVM01;s__QQVM01 sp004295015	0.9960042362171183
77ad075eea7bfef551d271290681be69	d__Bacteria;p__Bacteroidota;c__Bacteroidia;o__AKYH767-A;f__2013-40CM-41-45;g__QQVM01;s__QQVM01 sp004295015	0.7575697263992611
34898533228381c90d7c6a805562ab52	d__Bacteria	0.999999930702607
61cfefd8e17e11b0874635f583ea8c8a	d__Bacteria;p__Firmicutes_A;c__Clostridia_258483	0.8750447287103215
2927d2519d40c7bf23a6a1ce639afaa9	d__Bacteria;p__Proteobacteria;c__Gammaproteobacteria;o__Enterobacterales_A_737866;f__Enterobacteriaceae_A	0.8342884562835822
0175333c189cf2572258ed949c388dad	d__Bacteria;p__Proteobacteria;c__Gammaproteobacteria;o__Burkholderiales_597432;f__Rhodocyclaceae;g__Accumulibacter;s__	0.9979890085792673
8258ee1011c70550c8a45c90a40fe661	d__Bacteria;p__Myxococcota_A_473307;c__Polyangia_463783;o__Polyangiales;f__SG8-38;g__;s__	0.84108369011151
4db21d1a8a5e44eecd6ec0780d343b72	d__Bacteria	0.9999994867698759
3e8fee00bb16cb095f564534120061b9	d__Bacteria;p__Proteobacteria;c__Gammaproteobacteria	0.9647148307579393
7c0a30b22fcfb4e4dca7c99951961d9c	d__Bacteria;p__Proteobacteria;c__Alphaproteobacteria;o__Rhodobacterales;f__Rhodobacteraceae;g__MED-G52;s__MED-G52 sp001627925	0.9995713103593398
01b0c448796d1fc4b91f340fdb6bd377	d__Bacteria	0.9999990920078476
48caee49131759c45ec770edf5dfe52c	d__Bacteria;p__Proteobacteria;c__Alphaproteobacteria;o__Rhodobacterales;f__Rhodobacteraceae;g__MED-G52;s__MED-G52 sp001627925	0.9999992922682512
7881282a4f3e346c39714a0bdbd18762	d__Bacteria;p__Actinobacteriota	0.9769162489703349
5f17b9f971642651d463b8b69ed91e03	d__Bacteria;p__Firmicutes_A;c__Clostridia_258483;o__Christensenellales;f__CAG-138;g__RUG472;s__RUG472 sp902765005	0.8107021095768956
0c4139f1c77486960efa93226bdfa135	d__Bacteria;p__Proteobacteria;c__Gammaproteobacteria;o__Enterobacterales_A_737866;f__Enterobacteriaceae_A	0.9930277792956469
7d49a996563cf1cf87fc8538a6abb028	d__Bacteria	0.9999999627198095
f2613f8e0284e305102648e3c9570cda	d__Bacteria;p__Proteobacteria	0.7027659964757446
bd6f3eaec3ee5663b25ffc16e87f3e61	d__Bacteria;p__Proteobacteria;c__Gammaproteobacteria;o__Enterobacterales_A_737866;f__Shewanellaceae_666538;g__Shewanella;s__	0.9999953192231869
8e31129bd2598d2115ab98c7c20ea35d	d__Bacteria;p__Proteobacteria;c__Gammaproteobacteria;o__Enterobacterales_A_737866;f__Enterobacteriaceae_A	0.7668863172827423
27c48ba389819406aee4246c21f04bf9	d__Bacteria;p__Bacteroidota;c__Bacteroidia	0.7003052862775071
bcee39b882b44c83a5bb1f86b47cfd59	d__Bacteria	0.9999999721582429
8df3a2cce68be8c2a74c22321947dc3f	d__Bacteria	0.9999999961182534
5ca722143830cbc08638a96d99c385e2	d__Bacteria;p__Proteobacteria;c__Gammaproteobacteria	0.9999371260608435
0fd7bff821955515ee42ccb0ebd518c2	d__Bacteria	0.9999999880974396
31a129f8724c91d58a72651b2f0a66bf	d__Bacteria	0.9999830620646523
cd18f9450f8d7ab9dd5057497413503c	d__Bacteria	0.9999999805934361
aed63591e571cd524d33cd24966539b3	d__Bacteria;p__Proteobacteria;c__Gammaproteobacteria;o__Enterobacterales_A_737866;f__Enterobacteriaceae_A	0.8263301292604384
0ea0b71b4a7d1f6ecdb2b347fec1751b	d__Bacteria;p__Myxococcota_A_473307;c__Polyangia_463783;o__Polyangiales;f__SG8-38;g__;s__	0.9127162703528021
9b1c1607710ab8372ec244c58ed1a911	d__Bacteria	0.9999999743645213
001fc375be9ca53e357ac5b742fc357c	d__Bacteria;p__Myxococcota_A_473307;c__Polyangia_463783;o__Polyangiales;f__SG8-38;g__;s__	0.7702158414737768
3c4fbd1cc58c6d8058e4a7e9161055ce	d__Bacteria;p__Proteobacteria;c__Gammaproteobacteria;o__Pseudomonadales_660879;f__Moraxellaceae;g__Acinetobacter;s__Acinetobacter baumannii	0.9999999999622419
5064ce6a5aefd16cc47657b37ed5f7e1	d__Bacteria;p__Proteobacteria;c__Gammaproteobacteria;o__Enterobacterales_A_737866;f__Enterobacteriaceae_A;g__Escherichia_710834	0.8671998632557226
94ca6141b3f5b9e5ac3723be839b4326	d__Bacteria;p__Actinobacteriota;c__Acidimicrobiia_401430;o__Acidimicrobiales;f__Ilumatobacteraceae;g__Casp-actino8;s__Casp-actino8 sp009923785	0.9992967808337644
7705a3aed809e2b3f755b475eee9e698	d__Bacteria;p__Actinobacteriota;c__Actinomycetia;o__Streptomycetales_400645;f__Streptomycetaceae_400641;g__Streptomyces_G_399870;s__	0.7728103170779669
26bf4d8d6f3b10a86ff8e9ebf3dea82d	d__Bacteria;p__Proteobacteria;c__Gammaproteobacteria;o__Enterobacterales_A_737866;f__Enterobacteriaceae_A	0.9933251170283478
b1dd526052942da1312c10b29070a923	d__Bacteria;p__Firmicutes_A;c__Clostridia_258483;o__Christensenellales;f__CAG-138;g__RUG472;s__RUG472 sp902765005	0.8961634160991931
17fea2ceaa23d28211141c87a5ff5e38	d__Bacteria	0.9999999628514359
d11d06423010a04b3cc12f51fcbc7dc2	d__Bacteria;p__Proteobacteria;c__Alphaproteobacteria;o__Rhodobacterales;f__Rhodobacteraceae;g__MED-G52;s__MED-G52 sp001627925	0.997742346996131
c673c3bf01d3b33a6700f2de2555a3f0	d__Bacteria;p__Myxococcota_A_473307;c__Polyangia_463783;o__Polyangiales;f__SG8-38;g__;s__	0.8043330926239473
4866806ff85fcc02b0d7236543c31e3c	d__Bacteria;p__Proteobacteria;c__Gammaproteobacteria;o__Burkholderiales_597432;f__Rhodocyclaceae;g__Accumulibacter;s__	0.9936301909139397
8c7b4ca9c68800ca51bac4375e84fb3a	d__Bacteria;p__Bacteroidota;c__Bacteroidia;o__AKYH767-A;f__2013-40CM-41-45;g__QQVM01;s__QQVM01 sp004295015	0.9925497860471753
fea75f564378559b4ff3cbee1c0a8c8a	d__Bacteria	0.9999999971632193
a7c52a8df98da80bb98d0b5e9d93f454	d__Bacteria;p__Proteobacteria;c__Gammaproteobacteria;o__Pseudomonadales_650612;f__Porticoccaceae;g__SZUA-272;s__	0.958928859097357
9c7d4c91fd17ef966cd93ecd2b9f5cc5	d__Bacteria;p__Bacteroidota;c__Bacteroidia	0.8886667603580095
bc7ca15f54ad8e7076e8c8dc68c397a4	d__Bacteria;p__Proteobacteria;c__Gammaproteobacteria;o__Enterobacterales_A_737866;f__Enterobacteriaceae_A	0.829909984817602
dd73cdae418251fc591aefab8e18230f	d__Bacteria;p__Proteobacteria;c__Gammaproteobacteria;o__Enterobacterales_A_737866;f__Enterobacteriaceae_A	0.942726471881508
a69a24087f08db3f51961fe4abde632c	d__Bacteria;p__Actinobacteriota;c__Actinomycetia;o__Streptomycetales_400645;f__Streptomycetaceae_400641;g__Streptomyces_G_399870;s__	0.99944922631035
d5dea43ecf7f00b1a92fa2e654c7319e	d__Bacteria	0.9999999222078917
674a240f98cc20d044a35053405ac4c5	d__Bacteria;p__Actinobacteriota;c__Actinomycetia;o__Streptomycetales_400645;f__Streptomycetaceae_400641;g__Streptomyces_G_399870;s__	0.9548551308151663
5545a3b4e4b6c4ad82cd80292476d680	d__Bacteria	0.9999997322002995
afee645173f23d85089b2151b01410a6	d__Bacteria;p__Myxococcota_A_473307;c__Polyangia_463783;o__Polyangiales;f__SG8-38;g__;s__	0.7053991526247405
e795966f1f01761ca282e205d4695b26	d__Bacteria	0.9999988791654268
dcff66d460bdc6303d9a323697998d38	d__Bacteria;p__Bacteroidota;c__Bacteroidia;o__AKYH767-A;f__2013-40CM-41-45;g__QQVM01;s__QQVM01 sp004295015	0.9949019590749432
ec59e66b850910b3cbb81450b9d7828e	d__Bacteria	0.9999998836455373
8a56c0590d9fed925ba5cb3cc58342c0	d__Bacteria;p__Proteobacteria;c__Gammaproteobacteria;o__Enterobacterales_A_737866;f__Enterobacteriaceae_A	0.9843314392468914
06ca5f2dfdf6c467d10fc2bc3c0e6e1b	d__Bacteria;p__Proteobacteria;c__Gammaproteobacteria;o__Pseudomonadales_650612;f__Porticoccaceae;g__SZUA-272;s__	0.9197214993081757
77d2f6a64947b7a1225d1ddeed301989	d__Bacteria;p__Proteobacteria;c__Alphaproteobacteria	0.8236338672740016
88ce5f155ecfb9c0879999b1ddfc064f	d__Bacteria;p__Proteobacteria;c__Gammaproteobacteria;o__Pseudomonadales_650612;f__Porticoccaceae;g__SZUA-272;s__	0.742351673841751
27f145a7d3887e4da17f1c7896aedba9	d__Bacteria;p__Proteobacteria;c__Gammaproteobacteria;o__Burkholderiales_597432;f__Rhodocyclaceae;g__Accumulibacter;s__	0.9991052297414018
06afd49cccbd61ab1933744bab67f4c3	d__Bacteria;p__Proteobacteria;c__Gammaproteobacteria;o__Enterobacterales_A_737866;f__Vibrionaceae;g__Vibrio_678715	0.8158694619709895
56d9b99001af21678baa5be6dec0f5ae	d__Bacteria	0.9999999713324901
94162f880f6adc030e8dab3a5b9cfe87	d__Bacteria	0.9999995916686456
9f5273ed2cbd5c397c6faf639c5bed06	d__Bacteria;p__Bacteroidota;c__Bacteroidia;o__AKYH767-A;f__2013-40CM-41-45;g__QQVM01;s__QQVM01 sp004295015	0.9563789099714959
a3e6deb28f774d90c5ab20d18e57bace	d__Bacteria;p__Actinobacteriota;c__Actinomycetia;o__Streptomycetales_400645;f__Streptomycetaceae_400641;g__Streptomyces_G_399870;s__	0.9961934822763268
b5b4184522b830bae98158c78b8ed9d4	d__Bacteria;p__Proteobacteria;c__Gammaproteobacteria;o__Enterobacterales_A_737866	0.7979224564362595
e8a5c69a9341cd457cba65d32409a02f	d__Bacteria;p__Proteobacteria;c__Gammaproteobacteria;o__Enterobacterales_A_737866	0.8595374982932402
50c01b936d861419d56ed9453abda57e	d__Bacteria;p__Proteobacteria;c__Gammaproteobacteria;o__Enterobacterales_A_737866;f__Enterobacteriaceae_A	0.9884600173026056
4c577a102181b59a2c8b6e4f4553b8ff	d__Bacteria;p__Actinobacteriota;c__Acidimicrobiia_401430;o__Acidimicrobiales;f__Ilumatobacteraceae;g__Casp-actino8;s__Casp-actino8 sp009923785	0.9987656636225801
141a12de1a56aeab249f6fb53798e361	d__Bacteria	0.999998702709833
c6dec6f08013932d22968761b475c37e	d__Bacteria;p__Proteobacteria;c__Alphaproteobacteria	0.7734717840519884
1d65e4a9943a181db303c8ef8774a862	d__Bacteria;p__Chloroflexota;c__Anaerolineae;o__Thermoflexales_408719;f__Thermoflexaceae;g__Thermoflexus;s__Thermoflexus hugenholtzii	0.7419886889950408
30295ba9a2d1a3dbb86f0d3373b71f37	d__Bacteria	0.9999914002978428
0465894afa4b094cc3112d7650976777	d__Bacteria;p__Proteobacteria;c__Gammaproteobacteria;o__Burkholderiales_597432;f__Rhodocyclaceae;g__Accumulibacter;s__	0.9965156885526122
eefe89a64c80f6f856e64410a2357d7c	d__Bacteria;p__Bacteroidota;c__Bacteroidia;o__AKYH767-A;f__2013-40CM-41-45;g__QQVM01;s__QQVM01 sp004295015	0.9991627767110798
cbccdfb48d6bcbaacb7760f2bf77b851	d__Bacteria	0.9999999177955978
23ba376d34491c74113a29d375e1ad32	d__Bacteria;p__Bacteroidota;c__Bacteroidia;o__AKYH767-A;f__2013-40CM-41-45;g__QQVM01;s__QQVM01 sp004295015	0.9995695824005321
f99153c51d79a83b0c67fa0aac6f48d2	d__Bacteria;p__Bacteroidota;c__Bacteroidia;o__AKYH767-A;f__2013-40CM-41-45;g__QQVM01;s__QQVM01 sp004295015	0.9999787557593232
08edfc6aed4600444ba2b8465ef4cf94	d__Bacteria;p__Proteobacteria;c__Alphaproteobacteria	0.8262108743558552
fdeb932e99eef8398deed3aabd43aeb1	d__Bacteria;p__Proteobacteria;c__Gammaproteobacteria;o__Pseudomonadales_660879;f__Moraxellaceae;g__Acinetobacter;s__Acinetobacter baumannii	0.9999970198614034
4bcb97146f59891a713f32def9419e1b	d__Bacteria;p__Bacteroidota;c__Bacteroidia;o__AKYH767-A;f__2013-40CM-41-45;g__QQVM01;s__QQVM01 sp004295015	0.9997707539285691
9de2b023aacf0b5dbbc0064a4f14869b	d__Bacteria;p__Bacteroidota;c__Bacteroidia;o__AKYH767-A;f__2013-40CM-41-45;g__QQVM01;s__QQVM01 sp004295015	0.9997145197938434
7912ae4c3140753c8ba45ef5ea6aebfe	d__Bacteria;p__Proteobacteria;c__Alphaproteobacteria	0.9105507905212514
b15415cdba72a6293feb4dca3889cb39	d__Bacteria;p__Proteobacteria;c__Gammaproteobacteria;o__Enterobacterales_A_737866;f__Vibrionaceae;g__Vibrio_678715	0.9999645479199002
df4620c9ed7741f743f00e7ecb99872f	d__Bacteria;p__Actinobacteriota;c__Acidimicrobiia_401430;o__Acidimicrobiales;f__Ilumatobacteraceae;g__Casp-actino8;s__Casp-actino8 sp009923785	0.9613120900557203
1e7c73c781dfdb4a74f176abac4c685e	d__Bacteria	0.9999989158136684
a0acd8b75ba46820ca04e06b8afcb66a	d__Bacteria	0.9999986982264994
fe07638d52af3a8bba9425792c2de5f3	d__Bacteria;p__Proteobacteria;c__Alphaproteobacteria;o__Rhodobacterales;f__Rhodobacteraceae;g__MED-G52;s__MED-G52 sp001627925	0.8731410391118755
c0b9886b47656f54c90e003a4ee43f4d	d__Bacteria	0.9999996878472183
43b364700520f2822143d0a6a4256ef0	d__Bacteria;p__Proteobacteria	0.7856480156045234
5afefdeda527b61567b57d6bcf92bba0	d__Bacteria;p__Proteobacteria;c__Gammaproteobacteria;o__Pseudomonadales_641035;f__DSM-6294_637238;g__UBA2009;s__	0.9973374301427032
6cca04a936da0ffbdfa73d5c33e45b5c	d__Bacteria;p__Actinobacteriota;c__Actinomycetia;o__Streptomycetales_400645;f__Streptomycetaceae_400641;g__Streptomyces_G_399870;s__	0.9999881753723455
7511d3102de2642ccec0e0cabe88e417	d__Bacteria;p__Bacteroidota;c__Bacteroidia;o__AKYH767-A;f__2013-40CM-41-45;g__QQVM01;s__QQVM01 sp004295015	0.9941166808879064
01c0f03b4f376f5049f08a6d973c8e42	d__Bacteria	0.9999837500961687
29cdecc4b7bfaf8506952dbbe0ab0f98	d__Bacteria;p__Myxococcota_A_473307;c__Polyangia_463783;o__Polyangiales;f__SG8-38;g__;s__	0.8954314180055839
56aa32ca9b1b1f9a1f50fa57658b007b	d__Bacteria;p__Bacteroidota;c__Bacteroidia;o__AKYH767-A;f__2013-40CM-41-45;g__QQVM01;s__QQVM01 sp004295015	0.9687721452755226
1eb369b81e8b888079bdc323399dfa08	d__Bacteria	0.9999998496737303
4d1efcb968881f601387712a4c76c205	d__Bacteria;p__Firmicutes_C;c__Negativicutes;o__Selenomonadales;f__Selenomonadaceae_42771;g__Anaerovibrio;s__	0.7993983050995824
ab4de197900a4cba7aeb696f037acfba	d__Bacteria;p__Bacteroidota;c__Bacteroidia;o__AKYH767-A;f__2013-40CM-41-45;g__QQVM01;s__QQVM01 sp004295015	0.9296494020502014
28653a90107419d8cc1ea9b7d505467c	d__Bacteria;p__Bacteroidota;c__Bacteroidia;o__AKYH767-A;f__2013-40CM-41-45;g__QQVM01;s__QQVM01 sp004295015	0.968904362321249
aa781b659b917d78cbbdef3e0bc26b67	d__Bacteria;p__Proteobacteria;c__Gammaproteobacteria	0.9974606871486348
826344cbc617d78a25166228e2873878	d__Bacteria;p__Bacteroidota;c__Bacteroidia;o__Bacteroidales;f__P3;g__UBA1711;s__UBA1711 sp902775135	0.9798494454840923
74c7f7ddf8151b8300dcba80689fbe83	d__Bacteria	0.9999998876955042
3043bb09c86ed11502ae065dee08d52c	d__Bacteria	0.9999999919754322
40500f954c6345c2a23cdd081babd765	d__Bacteria	0.9999992539615136
95c6178e749735f3998f60e08226ac9b	d__Bacteria;p__Bacteroidota;c__Bacteroidia;o__AKYH767-A;f__2013-40CM-41-45;g__QQVM01;s__QQVM01 sp004295015	0.9638228515343712
eb670f3cf138a3c4821f7954e687e654	d__Bacteria;p__Proteobacteria;c__Alphaproteobacteria	0.8943434233430044
72d7666ce4d1fc7610ea52b41f42d918	d__Bacteria;p__Proteobacteria;c__Gammaproteobacteria;o__Enterobacterales_A_737866;f__Vibrionaceae;g__Vibrio_678715	0.9999249544291527
6048b27f4672f91021ccb75414a330ac	d__Bacteria;p__Bacteroidota;c__Bacteroidia	0.9956432873611554
322f103fd909d77652ebdd6a07a77da1	d__Bacteria;p__Firmicutes_A;c__Clostridia_258483;o__Christensenellales;f__CAG-138;g__RUG472;s__RUG472 sp902765005	0.7209803597084998
